Time,Pressure,Temperature,Light,Sound
s,kPa,Â°C,lx,dBA
,,,,
0,96.8,10.9,81,41.5
0.96,96.8,10.8,88,40
1.92,96.8,10.8,107,54.8
2.88,96.7,10.8,120,58.7
3.84,96.8,10.8,123,67.9
4.8,96.8,10.8,116,68
5.76,96.8,10.8,117,72.4
6.72,96.8,10.8,108,57.1
7.68,96.8,10.8,110,40
8.64,96.7,10.8,112,76.7
9.6,96.8,10.8,111,83.9
10.56,96.8,10.8,113,40.6
11.52,96.7,10.8,116,51.2
12.48,96.8,10.8,117,74.7
13.44,96.8,10.8,119,63.7
14.4,96.8,10.8,101,42.1
15.36,96.8,10.8,118,58
16.32,96.8,10.8,121,74.9
17.28,96.8,10.8,134,40
18.24,96.8,10.8,136,57.1
19.2,96.8,10.8,135,75.4
20.16,96.8,10.8,122,49.8
21.12,96.8,10.8,95,66.1
22.08,96.8,10.8,68,67.2
23.04,96.7,10.8,50,66.4
24,96.8,10.8,87,83.3
24.96,96.8,10.8,99,40
25.92,96.8,10.8,99,78.9
26.88,96.8,10.8,105,73.9
27.84,96.8,10.8,115,63.9
28.8,96.8,10.8,122,42.3
29.76,96.8,10.8,131,69.2
30.72,96.8,10.8,135,75.9
31.68,96.8,10.8,136,75.2
32.64,96.8,10.8,131,40
33.6,96.8,10.8,107,64.7
34.56,96.8,10.8,81,79.9
35.52,96.8,10.8,79,74.2
36.48,96.8,10.8,84,67.8
37.44,96.8,10.8,105,72
38.4,96.8,10.8,119,58.6
39.36,96.7,10.8,133,68.5
40.32,96.8,10.8,135,65.1
41.28,96.8,10.8,128,73.9
42.24,96.8,10.8,124,42.9
43.2,96.8,10.8,133,63.2
44.16,96.8,10.8,131,64.1
45.12,96.8,10.8,132,40
46.08,96.8,10.8,126,40
47.04,96.8,10.8,107,65.6
48,96.8,10.8,101,67.1
48.96,96.8,10.8,91,66.7
49.92,96.8,10.8,95,72.1
50.88,96.8,10.8,111,54.8
51.84,96.8,10.8,123,40
52.8,96.8,10.8,111,76.2
53.76,96.8,10.8,102,71
54.72,96.8,10.8,89,40.5
55.68,96.8,10.8,87,83.4
56.64,96.8,10.8,91,43.3
57.6,96.8,10.8,97,54.7
58.56,96.8,10.8,101,53.9
59.52,96.8,10.8,103,76.1
60.48,96.8,10.8,60,67
61.44,96.8,10.8,11,59.4
62.4,96.8,10.8,5,62.2
63.36,96.8,10.8,4,71
64.32,96.8,10.8,4,42.3
65.28,96.8,10.8,4,77.6
66.24,96.8,10.8,12,78.5
67.2,96.8,10.8,91,79.2
68.16,96.8,10.8,105,77.7
69.12,96.8,10.8,104,45.2
70.08,96.8,10.8,65,67.4
71.04,96.8,10.8,48,47.2
72,96.8,10.8,47,40
72.96,96.8,10.8,46,65
73.92,96.8,10.8,47,42.6
74.88,96.8,10.8,92,69.7
75.84,96.8,10.8,114,40
76.8,96.8,10.8,113,71.9
77.76,96.8,10.8,104,40
78.72,96.8,10.8,102,58.1
79.68,96.8,10.8,102,69.5
80.64,96.8,10.8,103,71.4
81.6,96.8,10.8,75,86.7
82.56,96.8,10.8,84,40
83.52,96.8,10.8,115,57.5
84.48,96.8,10.8,120,67.7
85.44,96.8,10.8,119,63.8
86.4,96.8,10.8,132,40
87.36,96.8,10.8,135,69.8
88.32,96.8,10.8,136,46.7
89.28,96.8,10.8,136,62.6
90.24,96.8,10.8,136,65.4
91.2,96.8,10.8,135,45.4
92.16,96.8,10.8,128,40
93.12,96.8,10.8,113,40
94.08,96.8,10.8,107,66.4
95.04,96.8,10.8,107,40
96,96.8,10.8,105,40
96.96,96.8,10.8,109,72.2
97.92,96.8,10.8,107,41.9
98.88,96.8,10.8,112,53
99.84,96.8,10.8,121,72
100.8,96.8,10.8,115,72.2
101.76,96.8,10.8,95,62.7
102.72,96.8,10.8,77,42.8
103.68,96.8,10.8,85,40
104.64,96.8,10.8,88,40
105.6,96.8,10.9,89,45.2
106.56,96.8,10.9,90,72.2
107.52,96.8,10.9,101,40
108.48,96.8,10.9,105,40
109.44,96.8,10.9,109,40
110.4,96.8,10.9,110,40
111.36,96.8,11,108,40
112.32,96.8,11,105,73.6
113.28,96.8,11.2,108,68.2
114.24,96.8,11.9,105,40
115.2,96.8,13.3,96,40
116.16,96.8,14.7,102,66.5
117.12,96.8,16.2,96,76.6
118.08,96.8,17.7,76,58.1
119.04,96.8,19,74,40
120,96.8,20.2,80,56.5
120.96,96.8,21.4,78,40
121.92,96.8,22.4,72,68.6
122.88,96.8,23.4,82,69.6
123.84,96.8,24.2,95,40
124.8,96.8,25,97,46.6
125.76,96.8,25.8,88,40
126.72,96.8,26.4,90,44.8
127.68,96.8,27,99,70.3
128.64,96.8,27.5,116,55.3
129.6,96.8,28,121,40
130.56,96.8,28.4,120,73.4
131.52,96.8,28.8,123,70.9
132.48,96.8,29.2,124,40
133.44,96.8,29.5,123,63.1
134.4,96.7,29.8,123,65.3
135.36,96.7,30.1,123,61
136.32,96.7,30.3,123,41.7
137.28,96.7,30.5,123,63.4
138.24,96.7,30.7,124,44.2
139.2,96.7,30.9,123,49.5
140.16,96.7,31.1,121,74.2
141.12,96.7,31.3,120,59.6
142.08,96.7,31.4,123,58.1
143.04,96.7,31.6,124,76.2
144,96.7,31.7,126,40
144.96,96.7,31.8,125,83.3
145.92,96.7,31.9,125,52.2
146.88,96.7,32,124,64.6
147.84,96.7,32.1,123,66.1
148.8,96.7,32.2,126,40
149.76,96.7,32.3,117,58.1
150.72,96.7,32.4,111,77.7
151.68,96.7,32.4,104,72.2
152.64,96.7,32.5,107,65.4
153.6,96.7,32.6,109,40
154.56,96.7,32.7,104,71
155.52,96.7,32.7,100,63.4
156.48,96.7,32.8,103,40
157.44,96.7,32.8,108,76.8
158.4,96.7,32.9,110,72.5
159.36,96.8,32.9,92,61.1
160.32,96.8,33,84,66.1
161.28,96.8,33,103,41.7
162.24,96.8,33.1,106,40
163.2,96.8,33.1,104,76.5
164.16,96.8,33.1,107,53.6
165.12,97,33.1,107,65.2
166.08,97,33.2,104,59.3
167.04,97,33.2,106,77.3
168,97,33.3,105,63.9
168.96,97.2,33.3,108,40
169.92,97,33.3,109,76.3
170.88,97,33.3,108,74.5
171.84,97.2,33.4,107,45
172.8,97.4,33.4,110,69.8
173.76,97.4,33.4,108,78.7
174.72,97.6,33.4,99,63.3
175.68,97.6,33.5,98,59.5
176.64,97.6,33.5,98,47.3
177.6,97.6,33.5,97,64.3
178.56,97.6,33.5,81,82.2
179.52,97.6,33.6,80,40
180.48,97.6,33.6,92,68.1
181.44,97.8,33.6,86,56.2
182.4,97.6,33.6,101,40
183.36,97.8,33.6,102,74.6
184.32,97.8,33.7,60,86.8
185.28,97.8,33.7,51,81.5
186.24,97.8,33.7,51,59.4
187.2,97.8,33.7,54,65.6
188.16,97.8,33.8,71,75.1
189.12,97.8,33.8,96,41
190.08,97.8,33.8,101,51
191.04,97.8,33.8,108,62
192,97.8,33.8,108,59.5
192.96,98,33.8,99,40
193.92,98,33.9,96,40
194.88,98,33.9,99,40
195.84,98,33.9,99,54.7
196.8,98,33.9,99,40
197.76,98,33.9,99,56.8
198.72,98,34,99,55.5
199.68,98,34,100,40
200.64,98,34,92,73.5
201.6,98,34,70,71.5
202.56,98.2,34,59,66.7
203.52,98.2,34,86,57.1
204.48,98.2,34,98,54.3
205.44,98,34,116,47.7
206.4,98.2,34.1,120,46.3
207.36,98.2,34.1,120,72.2
208.32,98.2,34.1,120,69.7
209.28,98.2,34.1,119,51.2
210.24,98.2,34.1,118,61.4
211.2,98.4,34.1,117,40
212.16,98.4,34.1,118,61.2
213.12,98.4,34.1,101,55.3
214.08,98.4,34.2,90,68.4
215.04,98.4,34.2,105,53.1
216,98.4,34.2,113,60.6
216.96,98.4,34.2,119,46.9
217.92,98.4,34.2,120,47.5
218.88,98.4,34.2,120,40
219.84,98.4,34.2,121,66.8
220.8,98.6,34.2,121,71.8
221.76,98.6,34.2,120,58.2
222.72,98.6,34.2,120,69.4
223.68,98.6,34.2,120,70.5
224.64,98.6,34.2,120,70.3
225.6,98.6,34.2,121,53.9
226.56,98.6,34.2,121,40
227.52,98.6,34.2,121,70.7
228.48,98.6,34.3,121,62.2
229.44,98.6,34.3,121,69.3
230.4,98.8,34.3,121,62.8
231.36,98.8,34.3,123,62.6
232.32,98.8,34.3,121,45.2
233.28,98.8,34.3,117,65.4
234.24,98.8,34.3,128,68.8
235.2,98.8,34.3,133,48.7
236.16,98.8,34.3,137,69.8
237.12,98.8,34.4,142,74.1
238.08,98.8,34.4,147,67.3
239.04,98.8,34.4,147,51.9
240,98.8,34.4,147,42
240.96,99,34.4,148,68.9
241.92,99,34.4,148,70
242.88,99,34.4,148,70.7
243.84,99,34.4,148,43.7
244.8,99,34.4,143,63
245.76,99,34.4,143,49.1
246.72,99,34.4,150,71
247.68,99.2,34.4,151,74
248.64,99.2,34.4,151,71.2
249.6,99.2,34.4,151,40
250.56,99.2,34.4,151,53
251.52,99.2,34.4,150,69.3
252.48,99.2,34.4,150,40
253.44,99.2,34.4,149,68.9
254.4,99.2,34.3,144,67.7
255.36,99.2,34.3,144,73.8
256.32,99.3,34.4,145,68.3
257.28,99.3,34.4,145,60.6
258.24,99.3,34.4,145,60.5
259.2,99.3,34.4,145,40
260.16,99.3,34.5,145,54.2
261.12,99.3,34.5,145,40
262.08,99.3,34.5,146,40
263.04,99.3,34.6,146,40
264,99.5,34.6,145,78.6
264.96,99.5,34.6,145,71.2
265.92,99.5,34.7,145,65.7
266.88,99.5,34.7,145,40
267.84,99.5,34.7,145,66.4
268.8,99.5,34.7,148,75.4
269.76,99.5,34.7,148,40.7
270.72,99.5,34.7,148,45.1
271.68,99.5,34.7,151,40
272.64,99.5,34.8,154,66.6
273.6,99.5,34.8,155,40.5
274.56,99.7,34.8,155,40
275.52,99.7,34.8,155,63.3
276.48,99.7,34.8,155,40
277.44,99.7,34.8,155,62.5
278.4,99.7,34.8,155,52.9
279.36,99.7,34.8,150,69.5
280.32,99.7,34.8,150,73.2
281.28,99.7,34.8,150,46.4
282.24,99.7,34.8,151,64.4
283.2,99.7,34.9,152,71.2
284.16,99.7,34.9,152,50.1
285.12,99.9,34.9,153,63.6
286.08,99.9,34.9,154,61.5
287.04,99.9,34.9,154,40
288,99.9,34.9,154,66.3
288.96,99.9,34.9,153,44.1
289.92,99.9,34.9,154,67.1
290.88,99.9,34.9,154,75.7
291.84,99.9,34.9,154,61.6
292.8,99.9,34.9,154,40
293.76,99.9,34.9,154,51.5
294.72,100.1,34.9,153,62.9
295.68,100.1,34.9,153,40
296.64,100.1,34.9,153,40
297.6,100.1,34.9,153,63.1
298.56,100.1,34.9,153,40
299.52,100.1,34.9,153,49.3
300.48,100.1,34.9,155,49.7
301.44,100.1,34.9,156,40
302.4,100.1,34.9,156,67.7
303.36,100.3,34.9,155,63.8
304.32,100.3,34.9,155,57.8
305.28,100.3,34.9,155,57
306.24,100.3,34.9,155,69.5
307.2,100.3,34.9,155,58.9
308.16,100.3,34.9,155,65.3
309.12,100.3,34.9,155,40
310.08,100.3,34.9,155,64.2
311.04,100.3,34.9,155,66.4
312,100.3,34.9,155,69.7
312.96,100.5,34.9,155,53.9
313.92,100.5,34.9,155,65.8
314.88,100.5,34.9,155,70.9
315.84,100.5,35,155,61.8
316.8,100.5,35,155,40
317.76,100.5,35,155,73.3
318.72,100.5,35,153,40
319.68,100.5,35,145,73.9
320.64,100.5,35,132,51
321.6,100.5,35,111,46.5
322.56,100.5,35,86,68.8
323.52,100.5,35,100,42.7
324.48,100.5,35,113,72.3
325.44,100.7,35,137,67.3
326.4,100.7,35,149,67
327.36,100.7,35,152,40
328.32,100.7,35,153,53.4
329.28,100.7,35,154,40
330.24,100.7,35,155,60.4
331.2,100.7,35,155,53.5
332.16,100.7,35,155,40
333.12,100.7,35,155,40
334.08,100.9,35,155,60.5
335.04,100.7,35,155,68
336,100.9,35,155,40
336.96,100.9,35,155,40
337.92,100.9,35,155,65.3
338.88,100.9,35,155,65
339.84,100.9,35,155,74.3
340.8,100.9,35,155,68
341.76,100.9,35.1,155,65.2
342.72,100.9,35.1,155,76.1
343.68,100.9,35.1,155,62.2
344.64,100.9,35.1,155,62.7
345.6,100.9,35.1,155,65.2
346.56,101.1,35.1,155,55.9
347.52,101.1,35.1,155,40
348.48,101.1,35.1,155,66.2
349.44,101.1,35.1,155,40
350.4,101.1,35.1,155,40
351.36,101.1,35.1,155,67.4
352.32,101.1,35.1,155,55.2
353.28,101.1,35.1,155,65.7
354.24,101.1,35.1,155,66.5
355.2,101.1,35.1,155,54.2
356.16,101.1,35.1,155,46.6
357.12,101.3,35.1,155,66.8
358.08,101.3,35.1,155,68.4
359.04,101.3,35.1,155,49.6
360,101.3,35.1,155,63
360.96,101.3,35.1,154,53.9
361.92,101.3,35.1,154,58.2
362.88,101.3,35.1,153,40
363.84,101.3,35.1,151,69.6
364.8,101.3,35.1,152,40.9
365.76,101.3,35.1,152,40
366.72,101.3,35.2,152,40
367.68,101.5,35.2,145,76.5
368.64,101.5,35.2,132,65
369.6,101.5,35.2,105,40
370.56,101.5,35.2,88,74.1
371.52,101.5,35.2,96,40
372.48,101.5,35.2,107,49
373.44,101.5,35.2,121,59.6
374.4,101.5,35.2,146,66.8
375.36,101.5,35.2,152,48.7
376.32,101.5,35.2,153,77
377.28,101.6,35.2,153,74.4
378.24,101.6,35.2,153,43.4
379.2,101.6,35.2,153,63.5
380.16,101.6,35.2,153,66.4
381.12,101.6,35.2,153,40
382.08,101.6,35.2,153,76.9
383.04,101.6,35.2,153,63.5
384,101.6,35.2,153,40
384.96,101.6,35.2,153,49.5
385.92,101.6,35.2,154,65
386.88,101.6,35.3,154,53.4
387.84,101.6,35.3,154,40
388.8,101.6,35.3,153,73.9
389.76,101.6,35.3,152,80.5
390.72,101.8,35.3,152,61.8
391.68,101.8,35.3,152,40
392.64,101.8,35.3,152,68.6
393.6,101.8,35.3,152,53
394.56,101.8,35.3,151,40
395.52,101.8,35.3,151,70.6
396.48,101.8,35.3,151,65.7
397.44,101.8,35.3,152,40.1
398.4,101.8,35.3,152,67.8
399.36,101.8,35.3,152,65.1
400.32,101.8,35.3,153,40
401.28,101.8,35.3,153,68.3
402.24,101.8,35.3,152,65.4
403.2,101.8,35.3,152,40
404.16,101.8,35.3,152,65.2
405.12,102,35.3,152,53.5
406.08,102,35.3,152,40
407.04,102,35.3,152,64.9
408,102,35.3,152,40
408.96,102,35.3,152,40
409.92,102,35.3,151,40
410.88,102,35.3,152,69.3
411.84,102,35.3,152,71.9
412.8,102,35.3,152,65.1
413.76,102,35.3,152,70
414.72,102,35.3,152,51.1
415.68,102,35.3,152,40
416.64,102,35.3,152,54
417.6,102,35.3,152,60.9
418.56,102,35.3,152,78.1
419.52,102.2,35.3,152,43.5
420.48,102.2,35.3,152,40.2
421.44,102.2,35.3,153,56.8
422.4,102.2,35.3,153,57
423.36,102.2,35.3,153,40
424.32,102.2,35.3,153,57.8
425.28,102.2,35.3,153,63.9
426.24,102.2,35.3,152,62.8
427.2,102.2,35.3,153,56
428.16,102.2,35.3,153,40
429.12,102.2,35.3,153,40.1
430.08,102.2,35.3,153,71.3
431.04,102.2,35.3,153,65.1
432,102.2,35.3,149,60.5
432.96,102.2,35.3,131,71.7
433.92,102.2,35.3,111,66.7
434.88,102.2,35.3,103,78.3
435.84,102.2,35.3,78,40
436.8,102.2,35.3,77,68.7
437.76,102.2,35.3,80,68.7
438.72,102.4,35.3,78,61.5
439.68,102.4,35.3,76,40
440.64,102.4,35.3,76,64.8
441.6,102.4,35.3,80,72.8
442.56,102.4,35.3,79,58.6
443.52,102.4,35.3,77,69.7
444.48,102.4,35.3,74,73.8
445.44,102.4,35.3,73,60.9
446.4,102.4,35.3,72,77
447.36,102.4,35.3,77,70.7
448.32,102.4,35.3,78,77.5
449.28,102.4,35.3,80,71.1
450.24,102.4,35.3,83,50.9
451.2,102.4,35.3,83,62.2
452.16,102.4,35.3,81,69
453.12,102.4,35.3,80,74.2
454.08,102.4,35.3,80,73.2
455.04,102.4,35.3,83,73.3
456,102.6,35.3,80,54.1
456.96,102.6,35.3,76,40
457.92,102.6,35.3,75,44
458.88,102.6,35.3,75,55.3
459.84,102.6,35.3,76,54.9
460.8,102.6,35.3,78,40
461.76,102.6,35.3,79,40
462.72,102.6,35.3,79,40
463.68,102.6,35.3,78,40
464.64,102.6,35.3,76,40
465.6,102.6,35.3,76,66
466.56,102.6,35.3,76,40
467.52,102.6,35.3,76,41.8
468.48,102.6,35.3,77,74.8
469.44,102.6,35.3,77,78.5
470.4,102.6,35.3,76,43.1
471.36,102.6,35.3,76,57.2
472.32,102.6,35.3,77,40
473.28,102.6,35.3,78,40
474.24,102.6,35.3,78,60.8
475.2,102.6,35.3,78,40
476.16,102.6,35.3,78,72.4
477.12,102.8,35.4,82,66.7
478.08,102.6,35.3,77,53.1
479.04,102.8,35.4,74,45.1
480,102.6,35.3,74,50
480.96,102.8,35.4,75,54.4
481.92,102.8,35.4,74,40
482.88,102.8,35.4,74,40
483.84,102.8,35.4,74,50.3
484.8,102.8,35.4,75,49.5
485.76,102.8,35.4,75,40
486.72,102.8,35.4,76,40
487.68,102.8,35.4,77,40
488.64,102.8,35.4,78,43.1
489.6,102.8,35.4,79,40
490.56,102.8,35.4,78,40
491.52,102.8,35.4,76,40
492.48,102.8,35.4,77,40
493.44,102.8,35.4,76,40
494.4,102.8,35.4,76,40
495.36,102.8,35.4,76,40
496.32,102.8,35.4,76,40
497.28,102.8,35.4,77,40
498.24,102.8,35.4,79,40
499.2,102.8,35.4,80,40
500.16,103,35.4,79,40
501.12,102.8,35.4,76,40
502.08,103,35.4,76,40
503.04,103,35.4,76,62.5
504,103,35.4,75,61.7
504.96,103,35.4,75,40
505.92,103,35.4,89,40
506.88,103,35.4,93,40
507.84,103,35.4,83,48.6
508.8,103,35.4,80,51
509.76,103,35.4,80,69.4
510.72,103,35.4,81,55.7
511.68,103,35.4,79,55
512.64,103,35.4,78,45.5
513.6,103,35.4,77,40
514.56,103,35.4,78,64.8
515.52,103,35.4,78,62.8
516.48,103,35.4,78,40
517.44,103,35.5,79,62.1
518.4,103,35.4,80,61.5
519.36,103,35.4,81,43.6
520.32,103,35.5,80,40
521.28,103,35.4,78,63.4
522.24,103,35.5,78,40
523.2,103,35.4,77,40
524.16,103,35.5,77,40
525.12,103,35.4,76,40
526.08,103,35.5,92,50.4
527.04,103,35.5,107,40
528,96.5,35.5,129,54.9
528.96,96.3,35.5,134,66.2
529.92,96.3,35.5,136,40
530.88,96.3,35.5,137,49.2
531.84,96.3,35.5,137,40
532.8,96.3,35.5,137,40
533.76,96.3,35.5,136,40
534.72,96.1,35.5,124,40
535.68,96.3,35.5,107,40
536.64,96.3,35.5,104,77.8
537.6,96.3,35.5,111,40
538.56,96.3,35.5,110,68.1
539.52,96.3,35.5,122,70.7
540.48,96.3,35.3,123,74.6
541.44,96.3,35.1,123,55.9
542.4,96.3,34.7,126,40
543.36,96.3,34.3,127,58.3
544.32,96.3,33.8,127,74.8
545.28,96.1,33.3,132,73.1
546.24,96.3,32.9,121,55.8
547.2,96.3,32.4,138,49.8
548.16,96.3,31.8,133,73.5
549.12,96.1,31.3,139,61.7
550.08,96.3,30.8,139,40
551.04,96.1,30.3,137,68.9
552,96.1,29.9,136,58.1
552.96,96.1,29.5,137,64.2
553.92,96.1,29,137,64.5
554.88,96.3,28.6,137,40
555.84,96.1,28.3,140,51.7
556.8,96.1,27.9,140,69.6
557.76,96.3,27.5,143,52.8
558.72,96.1,27.1,139,65
559.68,96.1,26.8,133,61.2
560.64,96.1,26.4,132,40
561.6,96.1,26,115,40
562.56,96.1,25.6,123,44.3
563.52,96.1,25.2,140,40
564.48,96.3,24.8,142,67.5
565.44,96.1,24.4,146,42.9
566.4,96.1,24,131,43
567.36,96.1,23.6,113,40
568.32,96.1,23.2,110,40
569.28,96.1,22.8,109,40
570.24,96.3,22.4,109,40
571.2,96.1,22.1,109,40
572.16,96.1,21.8,108,40
573.12,96.1,21.5,110,40
574.08,96.1,21.2,131,40
575.04,96.1,20.9,55,44.6
576,96.1,20.7,10,55.7
576.96,96.1,20.4,4,40.6
577.92,96.1,20.2,4,40
578.88,96.1,20,4,40
579.84,96.1,19.8,4,40
580.8,96.1,19.6,4,40
581.76,96.1,19.4,4,40
582.72,96.1,19.3,4,40
583.68,96.1,19.1,4,40
584.64,96.3,18.9,4,40
585.6,96.1,18.7,4,40
586.56,96.1,18.6,4,40
587.52,96.1,18.4,4,40
588.48,96.3,18.3,4,40
589.44,96.3,18.1,4,65.3
590.4,96.1,18,4,63.4
591.36,96.3,17.9,4,50.6
592.32,96.3,17.7,4,41.3
593.28,96.1,17.6,85,40
594.24,96.3,17.4,129,40
595.2,96.1,17.3,113,69.8
596.16,96.3,17.2,109,69
597.12,96.1,17,104,40.1
598.08,96.3,16.9,131,65.6
599.04,96.3,16.8,104,40
600,96.3,16.7,51,40
600.96,96.3,16.6,44,72.9
601.92,96.3,16.5,43,53.7
602.88,96.3,16.3,43,72
603.84,96.3,16.2,43,40
604.8,96.3,16.1,43,49.2
605.76,96.3,16,28,40
606.72,96.3,15.9,13,40
607.68,96.3,15.8,11,58.6
608.64,96.1,15.7,10,40
609.6,96.3,15.6,29,65.1
610.56,96.3,15.5,38,72.6
611.52,96.3,15.4,28,42.3
612.48,96.3,15.3,4,40
613.44,96.3,15.2,1,54.3
614.4,96.3,15.1,1,41.2
615.36,96.3,15,1,70.7
616.32,96.3,15,0,59.1
617.28,96.3,14.9,0,40
618.24,96.3,14.8,0,40
619.2,96.3,14.7,1,40
620.16,96.3,14.6,1,40
621.12,96.3,14.6,0,40.1
622.08,96.3,14.5,1,40
623.04,96.3,14.5,1,43.6
624,96.3,14.4,1,66.4
624.96,96.3,14.3,0,71.1
625.92,96.3,14.2,1,71.2
626.88,96.3,14.2,0,65.9
627.84,96.3,14.1,0,76
628.8,96.3,14.1,1,52.3
629.76,96.3,14,1,40
630.72,96.3,13.9,1,78.1
631.68,96.3,13.9,1,40
632.64,96.3,13.8,1,40
633.6,96.3,13.8,1,40
634.56,96.3,13.7,37,40
635.52,96.3,13.7,72,40
636.48,96.3,13.6,83,66.2
637.44,96.3,13.6,91,63.1
638.4,96.3,13.5,92,55
639.36,96.3,13.5,91,59.6
640.32,96.3,13.4,92,44.1
641.28,96.3,13.4,93,43
642.24,96.3,13.3,91,45.7
643.2,96.3,13.3,78,69.3
644.16,96.3,13.2,89,40
645.12,96.3,13.2,99,40
646.08,96.3,13.1,113,40
647.04,96.3,13.1,120,40
648,96.3,13,122,70.1
648.96,96.3,13,120,70.8
649.92,96.3,12.9,109,61.7
650.88,96.3,12.8,87,57.1
651.84,96.3,12.8,83,59.6
652.8,96.3,12.8,72,63.3
653.76,96.3,12.7,77,57.8
654.72,96.3,12.7,95,40
655.68,96.3,12.6,117,40
656.64,96.3,12.6,123,40
657.6,96.3,12.6,123,40
658.56,96.3,12.5,123,40
659.52,96.3,12.5,123,68.1
660.48,96.3,12.4,124,43.8
661.44,96.3,12.4,128,40
662.4,96.3,12.4,120,40
663.36,96.3,12.3,104,74.1
664.32,96.3,12.3,89,65.8
665.28,96.3,12.2,88,55.7
666.24,96.3,12.2,101,63.2
667.2,96.3,12.2,121,40
668.16,96.3,12.2,124,61.9
669.12,96.3,12.1,123,70.7
670.08,96.3,12.1,123,59
671.04,96.3,12,123,51.2
672,96.3,12,117,66.3
672.96,96.3,12,105,68.1
673.92,96.3,12,101,58.9
674.88,96.3,12,111,44.6
675.84,96.3,11.9,121,66.1
676.8,96.3,11.9,125,43.6
677.76,96.3,11.9,126,40
678.72,96.3,11.9,126,56.6
679.68,96.3,11.8,125,46.7
680.64,96.3,11.8,109,69.1
681.6,96.3,11.8,105,74.3
682.56,96.3,11.8,119,58.1
683.52,96.3,11.8,115,40
684.48,96.3,11.8,119,62.4
685.44,96.3,11.7,116,67.2
686.4,96.3,11.7,102,80.7
687.36,96.3,11.7,97,57.8
688.32,96.3,11.7,97,40
689.28,96.3,11.6,91,72.5
690.24,96.3,11.6,93,40
691.2,96.3,11.6,102,75.3
692.16,96.3,11.6,111,40
693.12,96.3,11.6,112,40
694.08,96.3,11.6,111,40
695.04,96.3,11.6,111,52.9
696,96.3,11.5,115,70.8
696.96,96.3,11.5,133,62.1
697.92,96.3,11.5,136,72.4
698.88,96.3,11.5,137,55.1
699.84,96.3,11.5,138,63.3
700.8,96.3,11.4,137,71
701.76,96.3,11.4,134,44.6
702.72,96.3,11.4,104,47.3
703.68,96.3,11.4,95,55.6
704.64,96.3,11.4,94,70.3
705.6,96.3,11.4,94,63.3
706.56,96.3,11.4,93,68.1
707.52,96.3,11.4,92,49.2
708.48,96.3,11.3,96,40
709.44,96.3,11.3,96,40
710.4,96.3,11.3,96,40
711.36,96.3,11.3,96,40
712.32,96.3,11.3,96,40
713.28,96.3,11.3,96,43.7
714.24,96.3,11.3,96,40
715.2,96.3,11.3,96,40
716.16,96.3,11.3,96,40
717.12,96.3,11.3,96,40
718.08,96.3,11.3,96,68.4
719.04,96.3,11.3,98,72
720,96.3,11.2,97,40
720.96,96.3,11.2,97,40
721.92,96.3,11.2,100,40
722.88,96.3,11.2,96,40
723.84,96.3,11.2,96,40
724.8,96.3,11.2,96,40
725.76,96.3,11.2,93,40
726.72,96.3,11.2,80,83.1
727.68,96.3,11.2,71,71.3
728.64,96.3,11.2,70,77.5
729.6,96.3,11.2,58,79
730.56,96.3,11.2,54,75.2
731.52,96.3,11.2,54,72.2
732.48,96.3,11.1,53,69.2
733.44,96.3,11.1,55,68.1
734.4,96.3,11.1,56,66.1
735.36,96.3,11.1,58,68.9
736.32,96.3,11.1,58,72.7
737.28,96.3,11.1,58,72
738.24,96.3,11.1,56,73.9
739.2,96.3,11.1,58,73.5
740.16,96.3,11.1,56,74.7
741.12,96.3,11.1,53,79.8
742.08,96.3,11,51,70.2
743.04,96.3,11,51,70.2
744,96.3,11,51,40
744.96,96.3,11,51,40
745.92,96.3,11,75,66.8
746.88,96.3,11,94,62.7
747.84,96.3,11,97,66.7
748.8,96.3,11,82,67.9
749.76,96.3,11,92,62.7
750.72,96.3,11,97,53.5
751.68,96.5,11,94,71.5
752.64,96.3,11,93,40
753.6,96.3,11,90,69.9
754.56,96.3,11,80,64.5
755.52,96.3,11,88,61.7
756.48,96.5,11,71,40
757.44,96.5,11,58,73.8
758.4,96.5,11,55,68.9
759.36,96.3,11,55,68.4
760.32,96.3,10.9,57,68.4
761.28,96.3,10.9,55,62.2
762.24,96.5,10.9,55,60.2
763.2,96.5,10.9,55,58.9
764.16,96.5,10.9,54,61.3
765.12,96.3,10.9,55,57.1
766.08,96.3,10.9,56,57.3
767.04,96.5,10.9,56,55.3
768,96.5,10.9,59,52.8
768.96,96.3,10.9,58,53.9
769.92,96.5,10.9,61,50.4
770.88,96.5,10.9,61,80.2
771.84,96.5,10.9,61,52.4
772.8,96.5,10.9,70,67.2
773.76,96.5,10.9,62,67.9
774.72,96.5,10.9,82,68.9
775.68,96.5,10.9,84,67.8
776.64,96.5,10.9,94,45.3
777.6,96.5,10.9,95,82.2
778.56,96.5,10.9,85,73.9
779.52,96.5,10.9,92,40
780.48,96.5,10.9,94,46.2
781.44,96.5,10.9,82,76
782.4,96.5,10.9,66,62.7
783.36,96.5,10.9,76,76.4
784.32,96.5,10.9,95,49.3
785.28,96.5,10.9,111,68.1
786.24,96.5,10.9,113,40
787.2,96.5,10.9,113,40
788.16,96.5,10.8,113,58.7
789.12,96.5,10.9,110,65.9
790.08,96.5,10.8,95,71.5
791.04,96.5,10.8,100,52.2
792,96.5,10.8,100,69.7
792.96,96.5,10.8,83,49.4
793.92,96.5,10.8,77,78.5
794.88,96.5,10.8,98,40
795.84,96.5,10.8,100,76.2
796.8,96.5,10.8,99,69
797.76,96.5,10.8,101,40
798.72,96.5,10.8,101,41.4
799.68,96.5,10.8,101,40
800.64,96.5,10.8,101,40
801.6,96.5,10.8,101,40
802.56,96.5,10.8,101,40
803.52,96.5,10.8,101,40
804.48,96.5,10.8,101,40
805.44,96.5,10.8,101,40
806.4,96.5,10.8,101,40
807.36,96.5,10.8,101,40
808.32,96.5,10.8,101,40
809.28,96.5,10.8,101,40
810.24,96.5,10.8,101,40
811.2,96.5,10.8,99,40
812.16,96.5,10.8,94,40
813.12,96.5,10.8,91,40
814.08,96.5,10.8,72,95.3
815.04,96.5,10.8,58,77.1
816,96.5,10.8,55,76.8
816.96,96.5,10.8,54,74.1
817.92,96.5,10.8,54,73.7
818.88,96.5,10.8,54,73.1
819.84,96.5,10.8,55,75.4
820.8,96.5,10.8,56,73.3
821.76,96.5,10.7,56,71.8
822.72,96.5,10.7,55,71.3
823.68,96.5,10.7,55,71.5
824.64,96.5,10.7,55,72.2
825.6,96.5,10.7,54,72
826.56,96.5,10.7,53,70.7
827.52,96.5,10.7,52,40
828.48,96.5,10.7,52,40
829.44,96.5,10.7,88,40
830.4,96.5,10.7,103,48.5
831.36,96.5,10.7,110,71.9
832.32,96.5,10.7,119,62
833.28,96.5,10.7,121,63.5
834.24,96.5,10.7,122,69.6
835.2,96.5,10.7,121,69.7
836.16,96.5,10.7,136,43.8
837.12,96.5,10.7,141,40
838.08,96.5,10.7,131,71.8
839.04,96.5,10.7,148,69
840,96.5,10.7,151,58.5
840.96,96.5,10.7,152,40
841.92,96.5,10.7,152,69.9
842.88,96.5,10.7,152,58.9
843.84,96.5,10.7,152,40
844.8,96.5,10.7,152,67.1
845.76,96.5,10.7,153,72.4
846.72,96.5,10.7,152,59.7
847.68,96.5,10.7,152,40
848.64,96.5,10.7,153,59.7
849.6,96.5,10.7,153,59.7
850.56,96.5,10.7,153,43
851.52,96.5,10.7,153,40
852.48,96.5,10.7,153,65.5
853.44,96.5,10.7,153,60.8
854.4,96.5,10.7,153,40
855.36,96.5,10.7,153,58.5
856.32,96.5,10.7,153,40
857.28,96.5,10.7,153,74.7
858.24,96.5,10.7,153,49.9
859.2,96.5,10.7,153,54.1
860.16,96.5,10.7,153,57.9
861.12,96.5,10.7,153,61.1
862.08,96.5,10.7,153,45.1
863.04,96.5,10.7,153,40
864,96.5,10.7,154,40
864.96,96.5,10.7,154,40
865.92,96.5,10.7,153,50.8
866.88,96.5,10.7,153,45
867.84,96.5,10.7,154,40
868.8,96.5,10.7,154,66.3
869.76,96.5,10.7,154,40
870.72,96.5,10.7,154,61
871.68,96.5,10.7,154,49.7
872.64,96.5,10.7,154,40
873.6,96.5,10.7,154,40
874.56,96.5,10.7,154,40
875.52,96.5,10.7,155,64.4
876.48,96.5,10.7,155,43.4
877.44,96.5,10.7,155,58.7
878.4,96.5,10.7,155,58.1
879.36,96.5,10.7,155,40
880.32,96.5,10.7,155,53.5
881.28,96.5,10.7,155,51.2
882.24,96.5,10.7,155,61.6
883.2,96.5,10.7,155,42.3
884.16,96.5,10.7,155,40
885.12,96.5,10.7,155,58.7
886.08,96.5,10.7,155,40
887.04,96.5,10.7,155,40
888,96.5,10.7,155,40
888.96,96.5,10.7,155,40
889.92,96.5,10.7,155,46.2
890.88,96.5,10.7,155,40
891.84,96.5,10.7,155,65.7
892.8,96.5,10.7,155,40
893.76,96.5,10.7,155,67.8